heure,nb_requetes_min,nb_fichiers,taille_totale_mb,ip_connue,pays_etranger,methode_delete,label
16,8,9,39.76282759066333,1,0,1,0
9,16,8,25.588015783355996,1,0,0,0
18,1,2,32.17320743566585,1,0,0,0
15,15,2,40.160549428819046,1,0,0,0
11,19,4,40.67134375794084,1,0,0,0
17,20,8,1.9695369578359003,1,0,0,0
12,1,10,43.26686314509357,1,0,0,0
14,3,3,1.285272010530074,1,0,0,0
17,12,7,36.81554328717007,1,0,0,0
13,7,6,15.71480874162253,1,0,0,0
12,9,9,42.93924892421769,1,0,0,0
17,6,9,7.10449756358862,1,0,0,0
18,2,7,43.83955246621387,1,0,0,0
18,18,7,9.325572905048157,1,0,0,0
13,7,3,24.96345054878945,1,0,0,0
18,6,10,47.086188694642935,1,0,0,0
14,16,3,31.70346837871781,1,0,0,0
17,4,4,37.06492012657495,1,0,0,0
15,8,2,17.57068831163744,1,0,0,0
11,1,4,19.983452330382697,1,0,0,0
13,10,4,2.990465808059959,1,0,0,0
13,4,4,23.626695712273786,1,0,0,0
13,17,10,5.541795099191891,1,0,0,0
13,13,10,5.141505292016247,1,0,0,0
15,10,7,34.85991602964811,1,0,0,0
8,19,9,3.141782816678139,1,0,0,0
14,6,5,23.185140613208272,1,0,0,0
3,294,318,3574.5088215095634,0,1,0,1
22,639,72,1649.5535505297662,0,0,0,1
11,6,10,42.82171056324554,1,0,0,0
14,16,8,44.75438642193301,1,0,0,0
11,16,6,8.964099838825117,1,0,0,0
13,11,6,14.749360422793172,1,0,1,0
12,5,2,19.239168767753917,1,0,0,0
16,20,6,47.50697646131348,1,0,0,0
8,13,8,9.396950432932195,1,0,0,0
17,18,6,19.107129501044188,1,0,0,0
13,6,8,2.3263845424239977,1,0,0,0
3,623,192,1163.1834466457215,0,1,0,1
3,406,54,3946.4114154648696,0,1,1,1
8,3,7,41.48446965967374,1,0,0,0
3,862,130,582.6750141420181,0,1,1,1
12,4,3,4.4561318945202935,1,0,0,0
12,1,9,41.123242305574315,1,0,0,0
13,12,2,27.544857659595838,1,0,0,0
14,19,8,38.521362917418294,1,0,0,0
22,525,470,2160.808928863131,0,1,1,1
15,19,8,4.492191098956776,1,0,0,0
9,13,1,42.943803241755305,1,0,0,0
18,18,3,14.759824237751904,1,0,0,0
10,2,5,18.074711736289004,1,0,0,0
10,18,1,41.74629149231223,1,0,0,0
11,13,8,7.194364490460854,1,0,0,0
4,907,411,1792.3428671191723,0,1,1,1
22,996,410,4041.139380434929,0,1,1,1
16,6,6,48.952107804509126,1,0,0,0
18,6,1,7.2246954712912315,1,0,0,0
13,4,7,2.420368059267575,1,0,0,0
13,8,6,38.977981643302904,1,0,0,0
15,16,1,0.42995661390872897,1,0,0,0
8,9,9,6.267077964498268,1,0,0,0
8,2,6,39.827558911594366,1,0,0,0
9,10,10,3.583463347076756,1,0,0,0
10,10,6,16.32200530538203,1,0,0,0
17,6,7,27.836948232587257,1,0,0,0
8,6,5,46.13009884568954,1,0,0,0
1,660,192,3288.9471749131335,0,1,1,1
13,6,6,15.650704748240397,1,0,0,0
13,12,7,47.478408882808,1,0,0,0
17,12,10,13.850471089711439,1,0,0,0
0,737,441,1638.9993880311767,0,1,1,1
9,17,6,2.7794519541749403,1,0,0,0
8,16,5,13.045371008328246,1,0,0,0
11,4,3,33.58179777639386,1,0,0,0
16,4,6,21.55269030655473,1,0,0,0
14,11,8,19.99663619442197,1,0,0,0
8,13,7,30.736882976764022,1,0,0,0
9,8,4,9.591424531196493,1,0,0,0
17,12,3,38.96903017777052,1,0,0,0
4,233,242,3453.7758301001777,0,1,1,1
10,15,2,40.54460959604583,1,0,1,0
18,17,9,36.05596044327906,1,0,0,0
18,5,3,12.558894372713175,1,0,0,0
13,9,2,28.619644534611158,1,0,0,0
18,6,2,0.7319820808190097,1,0,0,0
3,155,206,2859.72508181125,0,1,1,1
4,327,450,4710.492845266521,0,1,0,1
17,13,2,7.179545242148305,1,0,0,0
15,1,3,21.13388138361224,1,0,0,0
15,17,6,29.888844381221375,1,0,0,0
10,9,5,30.281008368808173,1,0,0,0
14,19,4,25.015143970229193,1,0,0,0
11,17,5,9.817850077726739,1,0,0,0
10,1,6,39.55930645482026,1,0,0,0
3,168,356,3855.045081137998,0,1,1,1
11,11,9,4.209037857620192,1,0,0,0
23,731,300,3595.382168606149,0,1,1,1
23,649,221,2581.1153391595976,0,1,1,1
10,9,9,43.63440875015434,1,0,0,0
10,4,4,25.466342801511207,1,0,0,0
10,5,8,16.24772333724563,1,0,0,0
12,19,1,38.179139308168104,1,0,0,0
17,1,4,12.694283023896508,1,0,0,0
22,888,444,1955.318575039615,0,0,0,1
13,1,6,37.8667021250584,1,0,0,0
12,6,6,6.433837313308128,1,0,0,0
16,13,4,25.5950229535768,1,0,0,0
2,642,399,4801.4183654232265,0,0,1,1
11,2,4,4.402018639735316,1,0,0,0
13,4,8,37.28742433639849,1,0,0,0
10,6,1,27.68795294594364,1,0,0,0
3,300,155,3566.825545939908,0,1,1,1
22,598,386,2465.3080209149985,0,1,0,1
12,1,5,36.32994403241527,1,0,0,0
23,364,371,3586.607762740427,0,1,1,1
2,502,386,1117.6730423798972,0,1,1,1
17,16,10,20.100174356735746,1,0,0,0
12,15,2,23.48802871678048,1,0,0,0
10,14,3,3.83392958736107,1,0,0,0
17,9,4,38.371254145723924,1,0,0,0
18,4,8,37.25520170107008,1,0,0,0
23,677,183,776.3799341905876,0,1,0,1
9,4,6,18.441328312168647,1,0,0,0
11,2,5,18.920681950570856,1,0,0,0
17,2,9,15.151353418501627,1,0,0,0
13,3,7,42.23976955475338,1,0,0,0
16,1,9,15.038999734778896,1,0,0,0
17,13,3,8.19613588321368,1,0,0,0
9,13,1,21.867357816064377,1,0,0,0
2,679,496,3467.886532709197,0,0,1,1
15,12,9,15.07972194467798,1,0,0,0
8,18,8,45.52679571035452,1,0,0,0
9,3,8,40.81956034566242,1,0,1,0
18,11,9,2.7847293961567066,1,0,0,0
22,132,189,2362.413055379614,0,1,0,1
15,15,9,17.291287557064717,1,0,0,0
0,448,156,4162.620672011892,0,1,1,1
13,13,9,2.5426358177620947,1,0,0,0
10,14,10,34.359651876799425,1,0,0,0
16,5,6,6.019795047535253,1,0,1,0
1,180,267,3608.6816149473675,0,1,0,1
9,10,9,18.89629737220938,1,0,0,0
16,14,3,30.31499979127421,1,0,0,0
18,4,1,12.172710920021617,1,0,0,0
23,594,138,2697.2437926804537,0,1,1,1
22,486,233,3759.7962104253083,0,1,0,1
15,17,3,47.89034570744259,1,0,0,0
0,451,93,4853.055351621032,0,1,1,1
9,19,2,39.99516760864681,1,0,0,0
18,8,1,17.133720017384253,1,0,0,0
2,754,157,1943.9616643078607,0,0,0,1
23,879,326,2783.933404734303,0,1,1,1
4,711,283,3339.7138518847687,0,1,1,1
13,11,4,22.931766068088656,1,0,0,0
18,8,5,43.75301132921653,1,0,0,0
4,926,52,3235.9276896131273,0,1,0,1
4,755,377,2902.0285896470837,0,1,1,1
22,625,353,766.6935668205509,0,0,0,1
9,17,4,48.71823787929265,1,0,0,0
0,408,391,546.2257854303433,0,0,0,1
13,13,5,40.84307632010236,1,0,0,0
10,6,9,6.055755182520978,1,0,0,0
11,9,4,11.537455853209279,1,0,0,0
16,5,10,44.22389769704753,1,0,0,0
3,934,65,4748.615141937338,0,1,0,1
17,18,1,31.634551606455805,1,0,0,0
18,10,8,15.877242093965515,1,0,0,0
15,1,1,34.81029565367363,1,0,0,0
11,6,2,12.468066994678486,1,0,0,0
14,3,10,28.434254341631494,1,0,0,0
12,18,1,34.04614217180028,1,0,0,0
10,7,2,20.801908005321085,1,0,0,0
23,248,284,4675.150803781901,0,0,1,1
12,3,8,42.20407680991214,1,0,0,0
17,14,5,7.70532936818875,1,0,0,0
11,10,10,39.24691014263834,1,0,0,0
14,6,4,40.082835285162226,1,0,0,0
23,941,403,4200.518561466091,0,1,1,1
4,119,156,3098.2893897944673,0,1,1,1
10,4,2,26.266831521168235,1,0,0,0
11,14,9,39.211042006480525,1,0,0,0
12,18,9,18.757128986974006,1,0,0,0
9,3,7,27.862573778092965,1,0,0,0
12,2,7,19.438976967235316,1,0,1,0
16,13,9,5.976273674984692,1,0,0,0
9,17,5,18.878806174072906,1,0,0,0
13,13,8,45.90330700715413,1,0,0,0
10,10,3,43.733726126276,1,0,0,0
0,627,395,2137.9573493890503,0,0,1,1
10,19,5,2.0090341479278093,1,0,0,0
22,314,435,3852.575215876002,0,1,1,1
22,122,70,1613.2646288738806,0,1,1,1
1,308,329,2854.696466599391,0,1,1,1
18,10,4,37.36364170022256,1,0,0,0
11,7,9,13.62952282769899,1,0,0,0
14,18,9,40.01342172996926,1,0,0,0
22,411,272,3730.0604985774407,0,1,1,1
2,526,405,4133.353114613021,0,1,1,1
16,3,10,41.0988039997184,1,0,0,0
1,127,455,511.0100373112248,0,1,1,1
2,586,494,2863.8547095646895,0,1,1,1
12,13,6,33.51613611517579,1,0,0,0
11,6,5,14.064742258608117,1,0,0,0
16,12,10,37.84651338737313,1,0,0,0
17,11,1,8.794885450168241,1,0,0,0
18,2,2,20.323387075403886,1,0,0,0
15,18,2,8.870931028671745,1,0,0,0
18,8,3,22.619242215738435,1,0,0,0
1,713,376,1048.0555905873916,0,1,0,1
23,115,188,4775.891191204623,0,1,1,1
13,10,5,30.308710153905675,1,0,0,0
0,399,291,1105.4560508512295,0,1,0,1
16,14,8,11.669591815829376,1,0,0,0
4,765,86,4065.939227935162,0,1,1,1
0,790,301,3524.4296526407707,0,1,1,1
14,20,10,31.91737306586757,1,0,0,0
18,13,3,41.96774775936639,1,0,0,0
10,5,10,29.43791325074126,1,0,0,0
17,1,1,39.361050063685376,1,0,0,0
22,187,111,1145.15402746686,0,1,1,1
3,463,165,1336.0596516093112,0,1,1,1
11,9,6,41.1929639552869,1,0,0,0
9,17,8,26.455838891252352,1,0,0,0
12,2,8,26.51867136907504,1,0,0,0
10,11,1,1.1934535225542573,1,0,0,0
4,493,481,4660.169192562218,0,1,0,1
11,17,9,41.684374700751924,1,0,0,0
18,1,8,44.46094438430283,1,0,0,0
2,731,470,4955.716320220993,0,1,0,1
14,19,10,26.18685750504475,1,0,0,0
14,3,7,10.1757720706145,1,0,0,0
17,16,6,35.824083664129446,1,0,0,0
8,6,8,47.65550846755941,1,0,0,0
2,307,221,1072.452941122842,0,1,0,1
16,2,9,1.7878054825180585,1,0,0,0
0,695,451,3608.381365528092,0,1,0,1
14,15,1,3.2604687203055756,1,0,0,0
15,9,4,23.388230973311064,1,0,0,0
13,20,6,33.20303506565066,1,0,0,0
22,179,428,4688.884665843768,0,1,1,1
13,6,10,30.40164994515749,1,0,0,0
4,229,275,1671.832387622629,0,0,1,1
18,11,3,6.966219427520995,1,0,0,0
18,7,4,34.049061803977956,1,0,0,0
12,2,8,43.71843555810663,1,0,0,0
16,15,4,10.835706684059431,1,0,0,0
2,641,70,3804.351522153218,0,1,0,1
3,390,283,3201.7527879237005,0,1,1,1
8,1,4,11.390658993325264,1,0,0,0
3,878,442,1804.8140065004418,0,1,1,1
12,3,5,9.895465782205374,1,0,1,0
9,12,5,4.212784482203449,1,0,0,0
8,12,9,21.476062860413748,1,0,0,0
4,191,107,3522.863990523809,0,1,1,1
10,11,8,31.00855794157983,1,0,0,0
13,13,10,31.75128294292751,1,0,0,0
9,6,5,41.33669572818852,1,0,0,0
16,11,10,11.146223283692102,1,0,0,0
13,13,3,42.04123258682167,1,0,0,0
14,18,1,39.556973760758034,1,0,0,0
4,728,403,4241.372818397197,0,1,1,1
16,1,9,23.152619614608987,1,0,0,0
14,17,6,4.42821471543296,1,0,0,0
17,14,3,30.845944869129543,1,0,0,0
23,545,56,1799.5649998821418,0,1,1,1
18,3,2,44.61604871324935,1,0,0,0
9,3,8,33.00369129704988,1,0,0,0
4,426,188,1137.0057295616725,0,1,0,1
16,5,3,33.021566055093636,1,0,0,0
11,20,6,11.02832649251246,1,0,0,0
1,977,405,1140.617013694437,0,1,0,1
0,233,64,2618.310105538486,0,1,0,1
18,20,3,6.10206555029612,1,0,0,0
9,20,10,31.913152308757883,1,0,0,0
18,12,10,27.37609532139194,1,0,0,0
14,2,6,37.26078706310327,1,0,0,0
3,620,413,948.2167032914181,0,1,1,1
11,15,2,13.446836555263701,1,0,0,0
15,7,10,14.350286197138082,1,0,0,0
11,2,9,11.361015149455023,1,0,0,0
1,574,474,3407.456785683642,0,0,1,1
8,6,7,0.20755337973617882,1,0,0,0
17,14,5,28.474610584149236,1,0,0,0
15,8,9,12.034508012551422,1,0,1,0
22,555,353,3108.927990994419,0,1,1,1
13,8,5,43.82529027647298,1,0,1,0
22,727,496,3314.8607022267197,0,1,0,1
17,8,8,15.012720239459398,1,0,0,0
3,776,147,1844.9165532847512,0,1,0,1
8,5,6,29.884328567517443,1,0,0,0
22,499,208,1532.101799646648,0,1,1,1
2,488,267,1464.233002171885,0,1,0,1
22,968,354,4423.437918661844,0,1,1,1
8,14,2,17.619415442509148,1,0,0,0
13,13,2,19.35520914572379,1,0,0,0
17,19,9,39.10611448018053,1,0,0,0
2,553,431,4701.958359760369,0,1,1,1
23,171,480,4110.963800106537,0,1,1,1
0,752,283,3279.782362561319,0,1,1,1
10,9,2,14.32496188409462,1,0,0,0
15,20,10,9.857856421524996,1,0,0,0
23,628,396,4967.241548726165,0,1,0,1
13,9,7,30.28845870951701,1,0,0,0
17,5,2,6.396960256422297,1,0,0,0
12,10,2,28.71649251329489,1,0,0,0
12,4,5,18.440440764798296,1,0,0,0
15,20,1,25.141665525090016,1,0,0,0
4,726,131,2204.0538413566087,0,1,1,1
22,913,128,1225.646209497556,0,0,1,1
8,1,5,23.203894669619523,1,0,0,0
2,391,157,2456.0223902107623,0,1,1,1
10,6,3,18.174924916333044,1,0,0,0
17,3,4,20.248400010782046,1,0,0,0
23,197,354,3390.145803628636,0,0,1,1
12,15,9,7.452697933981054,1,0,0,0
14,14,1,27.900837469101173,1,0,0,0
17,1,10,19.081013343492813,1,0,0,0
10,6,3,11.117319670934657,1,0,0,0
13,20,7,13.800312467735393,1,0,1,0
18,6,1,19.87744418991844,1,0,0,0
22,648,196,1320.262297089602,0,0,1,1
23,409,477,3133.4371445150277,0,1,1,1
13,10,7,6.534687747750853,1,0,0,0
9,19,4,26.804098616990874,1,0,0,0
9,16,10,0.43052144002754633,1,0,0,0
15,20,10,2.845928122353357,1,0,0,0
12,3,2,30.78891858193712,1,0,0,0
4,189,160,3775.340106301918,0,1,1,1
3,323,364,3395.0217513600264,0,1,1,1
9,19,4,5.184875141754229,1,0,0,0
12,7,1,35.486526976584784,1,0,0,0
17,17,5,40.7791980965928,1,0,0,0
0,937,169,1398.583461225901,0,1,1,1
16,2,2,25.953296432908413,1,0,0,0
18,16,2,23.55351870852155,1,0,0,0
15,20,6,18.359615140984147,1,0,0,0
17,6,9,14.758944308224693,1,0,0,0
17,10,10,16.88503526236875,1,0,0,0
8,20,8,41.658661093692096,1,0,0,0
0,633,442,3465.42929004875,0,1,1,1
12,8,7,34.62017904923057,1,0,0,0
1,691,333,4347.518097860071,0,0,1,1
0,224,443,3716.071345808585,0,1,1,1
15,14,8,23.275663672989218,1,0,0,0
14,12,3,14.593587334447484,1,0,0,0
13,14,3,12.285451865980022,1,0,0,0
23,786,114,1104.2485166505899,0,0,0,1
18,11,3,35.38842776969277,1,0,0,0
17,9,3,27.47331367892151,1,0,0,0
8,17,2,1.3610798485981568,1,0,0,0
9,8,2,19.068298629454393,1,0,0,0
16,5,5,2.3712334790625946,1,0,0,0
17,11,10,29.936091946435393,1,0,0,0
17,15,10,32.18529235051115,1,0,1,0
10,17,2,32.336638554601045,1,0,0,0
9,5,6,15.663328160487318,1,0,0,0
15,15,9,26.185126959750725,1,0,0,0
9,19,4,29.652129009094235,1,0,0,0
8,3,3,23.636266138408352,1,0,0,0
3,545,329,1450.4723361223487,0,0,0,1
15,18,6,15.490271985917722,1,0,0,0
9,3,1,47.153715344388374,1,0,0,0
10,5,2,35.830648374050114,1,0,0,0
1,565,96,1625.3703233475721,0,1,1,1
13,18,9,24.23963186564672,1,0,1,0
0,229,308,845.8801681660384,0,1,0,1
3,270,266,1824.8887640171065,0,1,1,1
17,13,6,1.5321298887274701,1,0,0,0
9,16,9,2.785889367130465,1,0,0,0
17,3,5,38.287184626921075,1,0,0,0
3,680,453,2039.9037558613043,0,1,0,1
13,15,8,16.43173508003042,1,0,0,0
23,209,114,2695.2929686534094,0,1,1,1
8,11,10,10.153072729271841,1,0,0,0
15,1,7,10.195678499230246,1,0,0,0
15,20,8,14.633838522648276,1,0,0,0
4,979,434,4004.9141776367396,0,1,0,1
22,469,253,1165.7567227023612,0,1,1,1
11,11,7,18.177262509752083,1,0,0,0
8,11,1,37.970564745362566,1,0,0,0
22,296,194,1272.980582397217,0,1,0,1
13,10,10,36.17183816720977,1,0,0,0
10,5,9,24.466984430581206,1,0,0,0
1,656,228,1956.5639406130522,0,1,1,1
9,11,3,44.40777025994173,1,0,0,0
18,4,4,22.385084383019443,1,0,0,0
23,107,330,2181.397444371651,0,1,1,1
18,2,4,13.422215645270288,1,0,0,0
15,14,10,9.802318313311494,1,0,0,0
4,964,256,1052.4297546439866,0,1,1,1
0,609,126,3437.893996995007,0,0,0,1
12,14,6,18.64695324526657,1,0,0,0
18,13,6,48.28926720792003,1,0,0,0
9,7,4,13.30584165197137,1,0,0,0
10,6,7,19.839560668592856,1,0,0,0
12,12,2,22.009588178828317,1,0,1,0
12,2,1,14.98977131203783,1,0,0,0
9,13,9,14.987952115491415,1,0,0,0
13,5,4,30.162901262977815,1,0,0,0
16,9,10,30.321153412507808,1,0,0,0
9,16,4,30.489190286900804,1,0,0,0
23,848,171,3704.584995342639,0,1,1,1
16,17,2,28.678431291870112,1,0,0,0
17,9,8,9.225305970171794,1,0,0,0
2,906,419,692.6654005407192,0,0,1,1
15,15,5,38.928389458771306,1,0,0,0
17,7,10,28.837133427920097,1,0,0,0
18,6,9,8.426589638986714,1,0,0,0
23,462,83,4863.259815960169,0,1,0,1
16,17,4,30.797980286607118,1,0,0,0
14,19,4,27.72473511727965,1,0,0,0
2,592,376,1844.6588769127154,0,1,0,1
15,7,2,6.872848044753309,1,0,0,0
9,6,5,5.494127607914567,1,0,0,0
11,6,5,27.58686644943323,1,0,0,0
15,19,9,47.71615068846723,1,0,0,0
3,279,334,2579.539840639468,0,1,1,1
23,138,448,1409.4428614533863,0,0,1,1
18,13,5,12.674589669811047,1,0,0,0
2,624,425,3088.686589739865,0,1,0,1
22,556,229,1487.3734657736713,0,1,0,1
14,3,2,8.183774498454568,1,0,0,0
15,5,9,23.454236373413877,1,0,0,0
1,776,126,2538.384891231739,0,1,1,1
8,5,1,17.97628973290499,1,0,0,0
12,18,3,9.672820640208359,1,0,0,0
10,16,3,41.10974912994444,1,0,0,0
17,19,3,36.82239846085774,1,0,0,0
4,219,492,4020.547716929994,0,1,1,1
9,15,6,42.52030136555583,1,0,0,0
23,751,291,1058.7961594921226,0,1,0,1
0,379,234,2387.813023202956,0,1,1,1
16,20,1,8.120826655747539,1,0,1,0
4,387,190,4360.362728359556,0,0,0,1
11,1,10,25.281214373799703,1,0,0,0
13,3,9,32.341741848071585,1,0,0,0
9,10,8,22.650501798664042,1,0,0,0
18,7,5,32.61420790951259,1,0,0,0
1,461,195,2551.6694173437527,0,0,1,1
13,10,8,48.391377965631904,1,0,0,0
9,13,7,48.11926551447272,1,0,0,0
18,19,8,26.394011946692427,1,0,0,0
18,13,6,12.757148027353715,1,0,0,0
17,5,9,18.410802437826234,1,0,0,0
9,18,1,46.73568166435883,1,0,0,0
9,1,8,31.09584684910533,1,0,0,0
15,18,6,27.359033640317026,1,0,0,0
9,6,1,10.851819515299212,1,0,0,0
22,654,117,2632.5721298169424,0,1,1,1
16,2,9,46.771883213499464,1,0,0,0
9,18,5,36.334321614394064,1,0,0,0
17,5,10,28.386408459307418,1,0,0,0
9,3,5,11.166335206513649,1,0,0,0
11,11,5,2.6125006548745424,1,0,0,0
17,17,2,26.03611609160142,1,0,0,0
1,855,67,1396.3094433676883,0,1,0,1
8,11,5,25.81764110379949,1,0,1,0
18,12,4,3.2000041568467523,1,0,0,0
13,20,4,1.5622426807780707,1,0,0,0
3,733,70,2145.070147879038,0,0,1,1
0,859,136,791.196850215606,0,1,1,1
11,18,4,7.613262201981663,1,0,0,0
9,16,6,31.58853533590849,1,0,0,0
23,636,208,3989.899441398835,0,0,1,1
22,313,292,2251.0533226019916,0,1,1,1
0,141,290,3800.6433580721073,0,1,1,1
13,17,7,20.991370817103146,1,0,0,0
4,851,219,2394.572482169534,0,1,1,1
17,19,4,36.09786560358571,1,0,0,0
15,20,1,12.312234145797785,1,0,0,0
15,15,6,30.85548726994671,1,0,0,0
10,15,10,37.15166077129637,1,0,0,0
9,12,4,36.67375697038702,1,0,0,0
9,15,3,40.090688425940996,1,0,0,0
9,1,5,10.861171748970884,1,0,0,0
2,242,468,2488.7205846888473,0,1,1,1
14,19,4,12.810653056315237,1,0,0,0
16,11,1,42.493823787278906,1,0,0,0
13,12,4,44.726381018223314,1,0,0,0
18,3,10,31.785416581033306,1,0,0,0
9,13,9,37.51513890537218,1,0,0,0
13,4,3,16.557202812590376,1,0,0,0
3,843,376,1252.774674064333,0,1,1,1
23,564,72,969.8949480941592,0,0,1,1
8,3,9,10.835130713672195,1,0,0,0
9,4,10,38.99928037851618,1,0,0,0
0,144,477,4720.097914963842,0,0,0,1
12,12,1,16.959517463203944,1,0,0,0
1,908,496,2166.8920727122522,0,1,1,1
13,18,9,46.59904433131063,1,0,0,0
8,10,4,2.2859331553902424,1,0,0,0
12,6,3,39.705449553865634,1,0,0,0
11,3,4,36.031725738799295,1,0,0,0
15,10,8,1.2564972809959165,1,0,0,0
13,10,7,20.497592922641285,1,0,0,0
3,867,346,2120.8489141736864,0,0,1,1
15,4,5,20.85717388343306,1,0,1,0
17,12,8,27.718300455011455,1,0,0,0
12,9,7,44.7846004559556,1,0,0,0
4,688,369,2092.340049683855,0,0,1,1
12,3,4,27.71449192605803,1,0,0,0
11,16,8,22.46391002436988,1,0,0,0
3,587,204,2643.198083025794,0,1,1,1
1,989,476,4190.602803934983,0,0,1,1
16,5,7,22.73682346875574,1,0,0,0
10,17,7,20.970131399941806,1,0,0,0
13,6,10,23.058835404501053,1,0,0,0
10,10,7,0.17806036307660994,1,0,0,0
23,742,86,2231.956705603413,0,1,1,1
15,12,9,46.69164870106295,1,0,0,0
13,3,9,27.24968980040887,1,0,0,0
1,725,404,669.2954539002764,0,0,1,1
13,1,6,15.512416896187656,1,0,1,0
9,1,1,34.51851244403356,1,0,0,0
2,452,354,3449.3443601498802,0,1,0,1
1,185,335,3888.854112892623,0,1,1,1
3,590,464,4091.0788151244874,0,1,1,1
23,998,71,4450.009722123024,0,1,1,1
2,226,288,996.4227254597401,0,0,1,1
13,1,4,29.39310159381597,1,0,0,0
14,12,3,8.887408342241502,1,0,0,0
16,7,9,21.03403906598677,1,0,0,0
15,1,7,34.192324545908974,1,0,0,0
11,8,5,42.89130780479373,1,0,0,0
17,15,2,5.631808974971748,1,0,0,0
10,7,6,5.20029279834045,1,0,0,0
23,191,177,1209.6430528881879,0,0,1,1
10,5,9,2.05562417545023,1,0,0,0
16,5,10,28.852961321072904,1,0,0,0
9,16,8,3.7671867167458797,1,0,0,0
10,16,4,17.805765812187154,1,0,0,0
16,18,10,7.718754145843085,1,0,0,0
1,416,402,3673.113745032953,0,1,0,1
14,5,3,3.513739215376693,1,0,0,0
4,846,373,2739.835014315471,0,1,1,1
4,760,221,2352.612783045848,0,1,1,1
17,4,7,6.780766970667608,1,0,0,0
22,119,291,4582.304951780184,0,1,0,1
3,446,402,1005.4203032879705,0,1,0,1
14,5,6,25.797508690702884,1,0,0,0
14,17,6,11.865325885785287,1,0,1,0
16,15,2,34.04673237315963,1,0,0,0
17,17,7,5.648224330179496,1,0,0,0
16,14,9,34.38468982620545,1,0,0,0
12,10,5,11.953659418867558,1,0,0,0
13,10,8,49.45606355742729,1,0,0,0
15,11,4,0.23662615296389536,1,0,0,0
3,180,449,751.6521897049373,0,1,1,1
4,523,318,1444.3041617515141,0,1,0,1
11,7,5,37.641042218488536,1,0,0,0
12,2,6,10.941757266408322,1,0,0,0
18,14,4,16.15792052215586,1,0,0,0
10,6,4,40.442189993836216,1,0,0,0
16,18,1,31.383960491173294,1,0,0,0
9,1,10,3.4698752067110825,1,0,0,0
11,9,9,24.47773942225389,1,0,0,0
2,255,448,1345.7012100552872,0,0,0,1
13,17,2,14.562846281870494,1,0,0,0
12,5,2,45.1798448332411,1,0,0,0
16,13,6,40.88011458515524,1,0,0,0
10,14,8,44.10035585088847,1,0,0,0
16,20,2,5.557534319689918,1,0,0,0
18,2,3,11.236934541437526,1,0,0,0
13,10,6,27.410795718721214,1,0,0,0
18,7,6,21.621740241286847,1,0,0,0
1,136,148,614.1407246800184,0,1,0,1
12,12,4,2.2361411978484793,1,0,0,0
15,16,3,3.835775599601541,1,0,0,0
14,7,7,41.2598976170375,1,0,0,0
3,164,455,2932.4842124829765,0,1,1,1
14,13,3,5.517648683685623,1,0,0,0
23,312,453,3580.993316056696,0,1,1,1
14,12,9,0.6285249946091782,1,0,0,0
18,14,5,5.847151295923531,1,0,0,0
1,234,319,4273.330005017935,0,0,1,1
16,19,3,38.41230370414707,1,0,0,0
8,3,4,11.709778580197904,1,0,0,0
13,12,10,13.299591274378452,1,0,0,0
9,17,2,14.324644401560487,1,0,0,0
23,594,306,1193.3499973710814,0,1,1,1
10,4,7,32.910338375473366,1,0,0,0
22,201,159,4642.147300905575,0,1,1,1
10,9,8,48.37246540072393,1,0,0,0
14,10,1,39.211699818863245,1,0,0,0
11,5,6,38.14928892375005,1,0,0,0
2,472,250,1325.088822456194,0,1,1,1
15,5,6,43.13345777252209,1,0,0,0
17,6,8,17.62426716945587,1,0,0,0
14,5,7,10.052944552662673,1,0,0,0
17,10,3,23.288586994305593,1,0,0,0
22,467,299,881.8811810274697,0,1,1,1
16,20,10,33.78133789353585,1,0,0,0
15,1,5,48.5972161336187,1,0,0,0
9,12,7,44.48537719891284,1,0,0,0
11,7,10,34.487765996876945,1,0,0,0
10,14,8,24.11978505675487,1,0,0,0
16,3,3,7.6264498348530205,1,0,0,0
12,8,2,1.3930757091207462,1,0,0,0
17,8,10,29.766505761318715,1,0,0,0
18,13,7,40.873454955417664,1,0,0,0
9,10,6,37.39929516042474,1,0,0,0
18,2,1,47.48562546252784,1,0,0,0
10,19,3,24.52989682243782,1,0,0,0
8,7,6,7.501357488718059,1,0,0,0
8,12,4,34.13512774669777,1,0,0,0
11,14,6,18.317391512772975,1,0,0,0
3,952,90,2606.2661454423496,0,1,1,1
9,15,9,4.985645537259857,1,0,0,0
0,249,483,3857.891058462131,0,1,1,1
12,1,7,16.677639044050185,1,0,0,0
4,190,175,2626.0320755689054,0,1,1,1
12,3,4,8.428832205478656,1,0,0,0
17,18,8,7.764137732385036,1,0,0,0
18,5,7,39.47493048468114,1,0,0,0
17,10,1,42.40981601155396,1,0,0,0
13,13,9,16.00484942008398,1,0,0,0
23,309,316,4784.471450915507,0,0,1,1
4,108,363,4938.897418207731,0,1,0,1
22,804,235,931.2503442532674,0,1,1,1
9,3,9,10.736400182125315,1,0,0,0
16,16,3,32.97665217542125,1,0,0,0
12,4,1,16.817050213178106,1,0,0,0
13,18,7,47.71156567187154,1,0,0,0
11,6,10,7.728202471395899,1,0,0,0
14,16,9,20.598676521191827,1,0,0,0
10,5,5,15.12645014221593,1,0,0,0
18,3,5,5.00029982888056,1,0,0,0
10,4,9,43.04740638291838,1,0,1,0
11,20,9,37.339998020070645,1,0,0,0
13,10,7,42.68705273339832,1,0,1,0
18,11,2,27.7721200516572,1,0,0,0
17,2,1,32.205595956184965,1,0,0,0
13,19,5,31.983041247764607,1,0,0,0
16,3,9,8.052587576620049,1,0,0,0
8,19,8,25.192234107683728,1,0,0,0
15,11,2,15.083177750778821,1,0,0,0
4,346,338,2955.3180781206233,0,1,1,1
23,740,80,768.9880922424012,0,1,1,1
11,11,4,34.3472737355403,1,0,0,0
13,16,9,39.09361178119112,1,0,0,0
9,9,7,17.059774631403346,1,0,0,0
12,20,5,27.83397229318723,1,0,0,0
17,17,8,49.8318910219565,1,0,0,0
16,11,1,5.855553417386236,1,0,1,0
0,211,263,4971.808312849088,0,0,0,1
15,3,5,11.801229542930303,1,0,0,0
15,19,9,7.6221721307476775,1,0,1,0
10,4,1,3.1772923062412346,1,0,0,0
11,5,1,13.112628084497501,1,0,0,0
17,2,7,36.7532427719522,1,0,0,0
13,14,6,33.288882366709416,1,0,0,0
15,7,6,33.947510570748115,1,0,0,0
11,19,2,2.3599611561186564,1,0,0,0
9,14,10,24.185475041963254,1,0,0,0
16,16,5,1.9273764996917266,1,0,0,0
15,13,4,7.46381012005578,1,0,0,0
14,4,9,12.71164082417173,1,0,0,0
16,10,9,43.049306551844985,1,0,0,0
17,17,7,41.54540156909861,1,0,0,0
12,6,7,34.33507363256641,1,0,0,0
23,371,141,2482.5867474995043,0,1,1,1
4,824,444,2708.057542529906,0,1,1,1
16,20,9,16.957974045275854,1,0,0,0
23,307,268,2018.043996034895,0,1,1,1
16,2,6,43.83199934988282,1,0,0,0
22,937,449,2669.298537413898,0,1,1,1
22,915,110,3818.6076903068574,0,1,1,1
16,9,10,34.051892141931155,1,0,0,0
10,18,5,39.945839795525416,1,0,0,0
3,830,492,2850.551929483279,0,0,1,1
8,16,6,31.071306994105157,1,0,0,0
11,15,10,14.317903834911576,1,0,0,0
15,11,6,38.08536242391195,1,0,0,0
2,964,271,3247.1850561439173,0,1,0,1
13,19,1,35.20229885770368,1,0,0,0
10,16,2,4.652116939465826,1,0,0,0
1,246,377,1719.273864134333,0,1,0,1
4,926,405,3580.8813067033366,0,1,1,1
10,14,3,2.187260022626006,1,0,0,0
11,10,4,40.347488439355665,1,0,0,0
17,13,10,5.205373938133148,1,0,0,0
11,18,4,35.67615374367418,1,0,0,0
22,548,336,1826.215683984036,0,1,0,1
15,2,5,20.50246009738049,1,0,0,0
15,10,1,19.85784062666755,1,0,0,0
11,1,5,21.101485675700474,1,0,0,0
2,905,251,1166.0558029625613,0,1,1,1
15,11,6,6.497935815137983,1,0,0,0
17,20,1,43.899856623374106,1,0,0,0
15,12,5,41.04476541048094,1,0,0,0
8,17,9,34.37417163103488,1,0,0,0
4,553,230,4561.182367937248,0,1,1,1
13,11,7,30.34982177997655,1,0,0,0
8,8,4,3.4578160541858183,1,0,0,0
8,8,10,11.018566190409706,1,0,0,0
0,380,122,3908.9753878727142,0,0,1,1
2,110,50,2854.923081913658,0,1,0,1
10,16,3,22.80343577125645,1,0,1,0
10,8,5,13.12344785228814,1,0,0,0
9,5,1,49.080301609107124,1,0,0,0
1,398,275,2291.179511545517,0,1,1,1
18,16,9,18.90355633166622,1,0,1,0
2,901,408,1562.8814636329805,0,0,1,1
18,19,2,38.63004416449772,1,0,0,0
14,1,8,7.900541360080547,1,0,0,0
18,9,9,24.281391151806314,1,0,0,0
14,12,9,34.17880824522106,1,0,0,0
10,11,8,29.86701478861824,1,0,0,0
17,2,3,32.050536595053835,1,0,0,0
22,671,262,3857.4876932413413,0,1,1,1
16,10,10,49.19428018154896,1,0,0,0
9,6,8,23.251258118799676,1,0,0,0
12,5,9,9.901953274275428,1,0,0,0
14,17,2,37.308697224196386,1,0,0,0
8,10,8,5.894411988182964,1,0,0,0
17,17,10,14.221635293420254,1,0,0,0
2,536,435,1714.0522125456287,0,1,1,1
14,10,8,3.741353972716755,1,0,0,0
14,9,2,23.56831112703104,1,0,0,0
22,192,237,2905.818334520156,0,1,0,1
14,4,6,40.60728733534188,1,0,0,0
4,874,242,898.0172539486352,0,1,1,1
11,3,1,33.09703959652874,1,0,0,0
18,14,6,49.64354426918586,1,0,0,0
12,8,5,28.255904736934635,1,0,0,0
9,9,10,11.385338806959586,1,0,0,0
15,3,3,29.724606892369117,1,0,0,0
9,13,6,39.76537169620919,1,0,0,0
11,20,8,41.51617574956171,1,0,0,0
23,267,417,3799.680490463592,0,0,1,1
13,4,4,15.338462126521394,1,0,0,0
8,5,9,49.67482371802811,1,0,0,0
16,12,7,13.28041784550152,1,0,0,0
3,482,119,2559.8308685362003,0,0,1,1
16,6,4,10.897593529942423,1,0,0,0
17,16,5,2.42344234001299,1,0,0,0
22,874,227,4124.8641946396365,0,1,0,1
3,411,340,1093.7941338290916,0,1,0,1
15,7,7,37.0731454661084,1,0,0,0
8,4,5,11.17785386951822,1,0,0,0
15,16,2,1.5405851778389952,1,0,0,0
1,290,476,2217.962896843137,0,1,0,1
15,1,7,47.12786867928799,1,0,0,0
23,759,254,2102.4378809423615,0,1,1,1
13,8,1,48.78473045719038,1,0,0,0
22,360,234,4827.432990341005,0,1,1,1
14,4,2,42.577170443791,1,0,0,0
2,883,415,3946.874738623453,0,1,1,1
15,18,2,48.658476622570596,1,0,0,0
3,990,152,2189.8957454498345,0,1,1,1
17,17,6,19.48022560100809,1,0,0,0
3,776,188,3483.4173607407006,0,1,1,1
13,18,10,18.508667158510914,1,0,0,0
15,16,8,10.614127157482994,1,0,0,0
17,11,3,2.312350845930888,1,0,0,0
3,609,168,3327.6696334839876,0,0,0,1
1,348,86,1698.1569081207626,0,1,1,1
1,631,99,955.5130434280161,0,1,1,1
12,11,6,0.4046788912425686,1,0,0,0
4,645,418,1032.742808227304,0,1,1,1
18,10,8,12.319407741382257,1,0,0,0
23,208,108,2737.145734409975,0,1,0,1
8,8,8,16.665434015181113,1,0,0,0
16,11,6,35.17246161506987,1,0,0,0
18,20,3,15.091720705488257,1,0,0,0
23,544,263,4686.107377746999,0,0,1,1
14,6,1,15.729417558641275,1,0,0,0
1,663,255,2771.1175122768277,0,1,1,1
22,395,335,3749.6145753766486,0,0,1,1
17,4,1,41.45582529252542,1,0,0,0
11,15,5,41.58096225464702,1,0,0,0
22,323,107,1561.8462700254493,0,1,0,1
14,4,8,30.8210454811527,1,0,0,0
15,4,9,23.05752244331686,1,0,0,0
11,12,2,49.04829314437095,1,0,0,0
4,940,233,993.642426100487,0,1,0,1
2,271,68,3627.7302328712517,0,1,1,1
12,15,1,29.020732887883298,1,0,0,0
9,9,6,32.10993875652062,1,0,0,0
12,5,8,5.219123574709257,1,0,0,0
22,703,144,2478.496231368673,0,1,0,1
16,2,4,28.8270362201378,1,0,1,0
0,412,280,2620.3563668010124,0,1,1,1
16,1,5,12.488054707167668,1,0,0,0
2,618,331,1957.6572772238155,0,0,1,1
17,9,6,42.60048668496466,1,0,0,0
2,430,259,3384.067684032829,0,0,1,1
12,10,4,34.54297158702399,1,0,0,0
0,254,57,2721.1079893808537,0,1,1,1
9,11,10,38.473382102935574,1,0,1,0
23,931,452,815.4485853804588,0,1,1,1
14,3,5,8.206267510663823,1,0,0,0
14,1,4,2.2529021336247523,1,0,0,0
10,15,6,18.66346758568712,1,0,0,0
13,2,7,2.6527686004121143,1,0,0,0
18,4,1,37.10336993801566,1,0,0,0
17,3,3,48.62174860253692,1,0,0,0
2,597,353,3496.349056332455,0,1,1,1
9,16,4,34.81175165667859,1,0,0,0
3,819,352,2274.2074565102484,0,1,1,1
11,11,4,13.354164175314555,1,0,0,0
8,8,9,17.386542517196368,1,0,0,0
23,607,435,4971.135086255263,0,1,0,1
17,12,6,48.16805448676789,1,0,0,0
22,150,330,2296.3608479612385,0,0,1,1
12,13,9,1.9311868026540637,1,0,0,0
14,13,2,34.16824466966691,1,0,0,0
12,19,7,19.893056631679706,1,0,0,0
12,9,10,27.263068098209736,1,0,0,0
18,18,1,47.654930113166174,1,0,0,0
8,17,10,45.03270756743243,1,0,0,0
8,10,5,10.58811597564383,1,0,0,0
1,603,402,3401.5363052589905,0,0,1,1
15,16,4,22.893644989342448,1,0,0,0
18,14,5,42.0214919331547,1,0,0,0
16,7,6,35.20149383728829,1,0,0,0
12,5,2,30.822284017283167,1,0,0,0
17,18,9,16.549334472668633,1,0,0,0
14,18,1,5.682506641407817,1,0,0,0
8,17,10,36.21629980947159,1,0,0,0
10,14,3,36.71638567026825,1,0,1,0
13,16,4,11.404498022040972,1,0,0,0
15,6,10,6.6438444082863235,1,0,0,0
16,18,1,19.5836412547472,1,0,0,0
0,938,117,4655.343887047524,0,1,1,1
1,720,417,818.9328242755489,0,1,0,1
14,11,10,48.86872824216052,1,0,1,0
16,12,7,43.03396651184781,1,0,0,0
10,11,4,17.366551808859466,1,0,0,0
14,3,6,47.96895992801165,1,0,0,0
4,124,282,2586.9228912387603,0,0,1,1
16,9,2,36.381358084697524,1,0,0,0
8,6,7,44.124024160925174,1,0,0,0
14,9,9,27.0450799736409,1,0,0,0
16,1,10,16.27538724453319,1,0,0,0
13,18,2,29.886535308825856,1,0,0,0
12,11,10,34.665959469485415,1,0,0,0
18,1,2,33.480029552919895,1,0,0,0
23,912,159,3939.0254706527253,0,1,1,1
3,432,111,4891.3397124290295,0,1,0,1
16,15,5,9.156308446433982,1,0,0,0
18,7,8,36.88190117227554,1,0,0,0
10,1,7,42.744605100637955,1,0,0,0
12,11,2,48.512217867748,1,0,0,0
16,8,10,26.10311608509859,1,0,0,0
22,808,408,3177.360438371238,0,1,0,1
2,112,195,2052.1409592114214,0,1,1,1
8,1,9,36.13741680912347,1,0,0,0
13,18,7,48.69446742960072,1,0,0,0
1,275,86,1901.1990186548453,0,1,1,1
15,1,2,46.478700479841336,1,0,0,0
18,10,4,7.58147188807241,1,0,0,0
9,1,2,9.967741801102115,1,0,0,0
9,20,9,43.25559011170967,1,0,0,0
10,20,1,13.93601481418658,1,0,1,0
13,2,9,39.59537056485359,1,0,0,0
10,18,6,26.589533447768975,1,0,0,0
10,10,10,37.472990331274204,1,0,0,0
12,20,9,38.75460837354157,1,0,0,0
3,851,144,4473.195676388139,0,1,1,1
16,3,2,13.196367986822857,1,0,0,0
0,755,153,3605.076776946486,0,1,0,1
17,16,3,22.382714912855405,1,0,0,0
13,14,7,23.40453093503008,1,0,0,0
14,4,8,39.45762672436335,1,0,0,0
15,14,1,10.42103603676907,1,0,0,0
9,17,4,13.996015471830892,1,0,0,0
16,12,9,41.14828529703344,1,0,0,0
0,955,316,1847.046859877123,0,1,1,1
3,344,367,1596.6097747219396,0,0,1,1
22,524,121,4259.80189548664,0,1,0,1
18,11,5,38.19169522074936,1,0,0,0
15,2,9,20.692606700156112,1,0,0,0
16,9,6,5.666453462434234,1,0,0,0
2,398,321,3375.2593637513114,0,0,0,1
0,119,199,4403.346992845165,0,1,0,1
13,5,5,8.16294061606692,1,0,0,0
1,620,102,2325.5869200750285,0,1,0,1
12,5,5,30.759971087579082,1,0,0,0
14,18,6,19.253926082737014,1,0,0,0
12,18,5,6.5903198527570765,1,0,0,0
2,373,460,942.2455478388638,0,1,1,1
8,10,8,29.916186673408294,1,0,0,0
17,1,3,9.718895996894755,1,0,0,0
10,20,5,16.055499489226516,1,0,0,0
4,502,141,3404.674296932353,0,0,1,1
14,18,7,41.18568582505164,1,0,0,0
15,20,8,20.76776852034796,1,0,0,0
13,14,4,13.413604908764153,1,0,0,0
10,19,4,3.5236466259353594,1,0,0,0
10,17,7,22.894243938022615,1,0,0,0
16,16,10,15.059549180396944,1,0,0,0
4,344,214,3744.5160320776545,0,1,1,1
8,7,5,27.50605999035805,1,0,0,0
10,9,3,12.406712633929773,1,0,0,0
1,488,399,3675.2351206192166,0,1,0,1
1,296,110,4939.715861424025,0,1,1,1
10,15,6,22.411770017545834,1,0,0,0
11,3,5,29.954788257558935,1,0,0,0
16,3,5,10.58163924545049,1,0,0,0
14,5,8,3.634332439485554,1,0,0,0
13,3,4,18.53940172807031,1,0,0,0
3,581,168,4763.517215900682,0,0,1,1
9,11,10,21.521285886411697,1,0,0,0
22,587,282,2345.6811457011036,0,0,1,1
17,3,10,2.371291003927683,1,0,0,0
22,569,409,3493.5905964809463,0,1,0,1
3,597,306,2870.0716959910033,0,0,1,1
18,4,9,25.5466079099163,1,0,0,0
22,732,188,738.8836189532553,0,1,0,1
8,10,1,16.00397370703721,1,0,1,0
18,20,10,16.947217371629527,1,0,0,0
3,155,273,1152.2357238288462,0,1,1,1
11,19,4,0.45882286535616756,1,0,0,0
8,8,1,22.876788489691226,1,0,0,0
23,163,245,2248.656924791234,0,1,0,1
8,20,10,30.887160508071336,1,0,0,0
4,731,186,3225.220300642355,0,1,1,1
23,931,280,4849.583629379059,0,0,1,1
10,8,9,8.805216317924284,1,0,0,0
22,140,335,2243.2903336180007,0,1,1,1
18,3,6,22.386833711479913,1,0,0,0
15,6,8,29.3853243962791,1,0,0,0
15,4,9,45.5310397170537,1,0,0,0
18,10,2,10.908011552805062,1,0,0,0
9,2,7,30.784668039724732,1,0,0,0
8,3,2,2.8079767374829077,1,0,0,0
10,11,10,15.994648584789422,1,0,0,0
15,18,5,8.860282706266473,1,0,0,0
15,4,8,2.7784800248818735,1,0,0,0
2,264,487,2752.854868871045,0,1,0,1
12,9,8,42.925915683355356,1,0,0,0
12,11,5,32.330306102724464,1,0,0,0
10,11,6,36.73656776474689,1,0,0,0
9,12,8,32.83300532249029,1,0,0,0
11,6,3,44.082668612699884,1,0,0,0
0,674,413,3981.0897888333097,0,0,1,1
1,768,120,3114.638152987452,0,1,0,1
16,2,4,10.649711088638904,1,0,0,0
18,19,9,6.818337120088575,1,0,0,0
15,18,1,30.911227133975885,1,0,0,0
3,785,206,1228.112750983761,0,1,1,1
18,3,5,34.96392649211402,1,0,0,0
17,18,1,45.35575024307974,1,0,0,0
10,1,9,48.89774452047105,1,0,0,0
14,12,7,15.793733042290249,1,0,0,0
10,19,3,31.19826577169055,1,0,0,0
12,7,9,30.3856507966308,1,0,0,0
3,299,301,1929.9101547470198,0,1,1,1
14,6,10,28.498352217803884,1,0,0,0
11,10,8,8.953552334564332,1,0,0,0
23,814,116,3929.1481383660316,0,1,0,1
4,969,278,3546.785246744826,0,1,1,1
14,2,10,35.43264107285597,1,0,0,0
15,2,1,35.171972985953396,1,0,0,0
1,803,63,2116.676005405481,0,1,1,1
23,553,197,1237.0565468484724,0,1,1,1
3,514,447,688.2182377255317,0,1,1,1
1,875,154,797.613459057002,0,1,1,1
13,6,6,17.828007941353324,1,0,0,0
13,11,2,48.99691175584017,1,0,0,0
18,10,5,29.61184586586795,1,0,0,0
17,4,6,17.664047728414374,1,0,0,0
18,4,1,20.190801976903213,1,0,0,0
12,7,9,1.7120885237921248,1,0,0,0
17,19,1,49.978663602184824,1,0,0,0
9,14,6,35.896167006887154,1,0,0,0
17,9,9,49.27586628286353,1,0,0,0
18,12,3,49.068641262119876,1,0,0,0
11,13,10,2.8336197300522414,1,0,0,0
2,475,348,1624.356076482487,0,1,1,1
9,11,3,36.58284976705783,1,0,0,0
8,2,7,21.967185052156196,1,0,0,0
1,705,428,1180.1102605924038,0,1,1,1
23,488,217,2724.3281632844432,0,1,0,1
11,17,8,17.480184802118764,1,0,0,0
4,216,382,2653.2205925748517,0,1,1,1
17,19,3,28.19913365411452,1,0,0,0
11,3,6,12.907231282981469,1,0,0,0
18,13,6,29.42517335565011,1,0,0,0
22,108,475,805.78379745652,0,1,1,1
12,1,6,23.369933776657994,1,0,0,0
2,276,413,1871.0791664527196,0,1,0,1
12,15,2,34.40050751155501,1,0,0,0
18,1,10,28.987149284900795,1,0,0,0
2,503,363,4726.126099684129,0,1,1,1
17,9,1,9.102761990846634,1,0,0,0
4,190,145,1394.938400037055,0,1,1,1
12,12,1,43.303334026195074,1,0,0,0
22,945,322,4547.530392670553,0,1,1,1
8,8,1,40.2717854584836,1,0,0,0
16,18,9,20.461404336648563,1,0,0,0
17,14,3,33.25212795692625,1,0,0,0
9,5,10,21.742199573002967,1,0,0,0
17,3,9,44.4473539515367,1,0,0,0
23,791,433,1588.0863577456064,0,1,1,1
0,776,434,2839.770108119208,0,1,1,1
1,924,95,2488.3713750944053,0,1,0,1
8,11,2,35.216439017096356,1,0,0,0
15,10,7,5.9221292426800165,1,0,0,0
9,8,2,23.126249919521292,1,0,0,0
4,981,333,1221.5453409399436,0,1,1,1
16,15,1,27.914549122266425,1,0,0,0
9,12,9,24.070459127292278,1,0,0,0
12,18,3,47.35147667167818,1,0,0,0
9,12,5,47.21669255200657,1,0,0,0
17,20,2,23.663762152063548,1,0,0,0
9,13,7,29.834832575220293,1,0,0,0
9,7,3,11.913135595914836,1,0,0,0
16,13,3,39.04776983841983,1,0,0,0
1,235,233,1831.0569269640798,0,1,0,1
1,705,126,4611.896243554752,0,1,1,1
8,2,7,25.379869153318857,1,0,0,0
2,515,85,3192.166317174962,0,1,1,1
13,10,5,22.351196578672667,1,0,0,0
12,13,4,22.39210253814203,1,0,0,0
18,18,4,24.02177090289865,1,0,0,0
11,13,9,18.352174965337763,1,0,0,0
10,8,2,25.775609529834256,1,0,0,0
15,10,9,7.982983541382168,1,0,0,0
4,619,219,3412.597784210228,0,1,1,1
3,355,133,3717.220923431443,0,1,1,1
23,423,473,4302.47698413098,0,1,0,1
2,477,244,4191.1913402713835,0,1,1,1
18,20,6,4.760021283770577,1,0,1,0
2,580,323,537.4269976836798,0,1,1,1
9,18,2,16.963734153971995,1,0,1,0
10,6,1,6.3394915455270064,1,0,0,0
16,14,10,29.84672958596026,1,0,0,0
0,772,199,4140.031008558052,0,1,0,1
4,795,217,1187.3149302779639,0,1,0,1
9,19,8,7.542310184071628,1,0,0,0
18,14,7,22.65438695526318,1,0,0,0
15,7,2,1.3842110673111188,1,0,0,0
23,882,288,3055.0518601617123,0,0,1,1
18,2,1,20.678371898538078,1,0,0,0
14,14,3,24.38484376304993,1,0,0,0
8,5,8,46.027859483341324,1,0,0,0
10,13,3,37.00879891993207,1,0,0,0
12,11,2,27.699260626670974,1,0,0,0
0,135,87,816.855472110588,0,1,1,1
16,3,2,45.24849125943344,1,0,0,0
15,6,1,13.081800064573304,1,0,0,0
10,19,4,42.869848253171284,1,0,0,0
11,9,7,48.183317530219654,1,0,1,0
8,12,4,32.54219025316876,1,0,0,0
18,3,10,29.347325734907017,1,0,0,0
11,15,6,29.625377655742327,1,0,0,0
8,1,2,2.3685439842379643,1,0,0,0
11,5,5,14.543411847750136,1,0,0,0
11,5,4,41.201303417898956,1,0,0,0
18,19,5,13.13901444869748,1,0,0,0
14,7,8,41.24525177100955,1,0,0,0
18,7,7,41.79968737949392,1,0,0,0
16,1,2,46.32571245210557,1,0,0,0
4,475,67,4902.050522494261,0,1,1,1
15,3,7,30.72182224242036,1,0,0,0
14,18,5,48.01069982751368,1,0,0,0
10,3,1,14.980292449357524,1,0,0,0
12,1,3,34.93715580991252,1,0,0,0
2,661,277,1108.0170859615514,0,1,1,1
17,2,2,13.677931892956325,1,0,0,0
3,603,292,1118.807250537266,0,0,0,1
0,742,473,4021.6236364498654,0,1,0,1
15,3,9,22.329586340142303,1,0,0,0
23,433,492,2642.696332949181,0,1,1,1
18,14,9,14.367806213245641,1,0,0,0
3,372,127,3650.248397024265,0,1,1,1
17,6,8,2.2802521549302655,1,0,0,0
23,248,385,4698.634758903081,0,1,1,1
11,15,6,46.530549163601115,1,0,0,0
12,16,8,22.079393026986914,1,0,0,0
11,2,10,17.605692399746264,1,0,0,0
16,16,3,9.575903576655092,1,0,0,0
1,536,209,4593.80927103877,0,1,1,1
14,11,4,2.5596196786531498,1,0,0,0
16,7,4,10.564663543149546,1,0,0,0
18,3,8,42.37195595738863,1,0,0,0
16,9,7,11.182429875682683,1,0,0,0
16,8,2,23.155958118924325,1,0,0,0
10,17,10,38.75284587870716,1,0,0,0
17,10,4,35.684115780651446,1,0,0,0
12,4,1,11.998131222645151,1,0,0,0
12,19,7,44.9013618917636,1,0,0,0
14,10,5,6.454683399704421,1,0,0,0
11,8,2,16.970469551158022,1,0,0,0
13,2,4,38.0974716539185,1,0,0,0
15,17,3,34.62170385993915,1,0,0,0
2,441,399,1862.726344188799,0,0,1,1
12,18,5,11.320865195841552,1,0,1,0
15,16,3,11.046254359447525,1,0,0,0
18,12,3,32.385292414371875,1,0,0,0
18,3,4,17.828641466379636,1,0,0,0
4,685,129,924.2920739189783,0,1,0,1
12,15,9,30.310796897612114,1,0,0,0
9,17,10,5.97495496501824,1,0,0,0
13,2,10,31.92265672885672,1,0,0,0
16,13,8,45.434368443427815,1,0,0,0
18,8,6,20.680056012248542,1,0,0,0
18,20,5,24.578491963568464,1,0,0,0
17,6,6,7.949768056946189,1,0,0,0
17,13,10,1.7158988720616626,1,0,0,0
15,18,4,49.489808821046495,1,0,0,0
23,687,391,1161.875636116361,0,1,1,1
18,16,7,44.24568937894645,1,0,0,0
18,20,2,39.83173810835058,1,0,0,0
16,1,7,26.150007060111555,1,0,0,0
11,4,5,40.22397029226033,1,0,0,0
23,595,437,2440.613628859268,0,0,0,1
16,19,6,43.49804563677455,1,0,0,0
10,6,6,21.148642743382922,1,0,0,0
4,819,437,4111.611273235458,0,1,1,1
11,16,7,5.725908763930045,1,0,0,0
10,16,5,25.492713551968638,1,0,0,0
9,10,2,25.43371666495985,1,0,0,0
11,8,5,34.23367711097224,1,0,0,0
0,694,296,4827.819873446507,0,0,1,1
0,188,268,2263.6254229055603,0,1,1,1
3,741,323,4290.825987211337,0,1,1,1
14,1,5,20.74912248142956,1,0,0,0
22,768,484,3210.3573544244414,0,0,1,1
14,8,9,16.14858894048737,1,0,0,0
11,6,9,3.8457369581682794,1,0,0,0
9,7,10,43.830744560986176,1,0,0,0
3,556,435,3178.0948608267813,0,1,0,1
9,1,6,32.43369887215791,1,0,0,0
10,3,6,6.214130196947947,1,0,0,0
3,523,73,2002.0651562022058,0,1,1,1
23,610,240,2586.5801024154316,0,1,1,1
22,956,403,3647.144749807292,0,1,1,1
15,15,10,43.11496163580417,1,0,0,0
3,189,91,2258.07126269308,0,0,1,1
13,11,3,22.044164535459014,1,0,0,0
14,16,7,32.47743954522596,1,0,0,0
16,14,10,37.13922383678926,1,0,0,0
16,4,5,42.09930047380611,1,0,0,0
13,14,9,45.6485647253269,1,0,0,0
22,287,441,925.2889357092319,0,1,1,1
18,12,1,19.967168172944216,1,0,0,0
8,8,2,45.28045864900579,1,0,0,0
18,11,5,13.131230705532193,1,0,0,0
22,601,319,3307.8671779924116,0,1,0,1
16,5,7,12.218639952870328,1,0,0,0
2,163,239,4554.840627834074,0,1,0,1
4,310,350,4555.286902190073,0,0,1,1
13,3,4,17.405825221693103,1,0,0,0
2,335,448,995.5979061692581,0,1,0,1
12,4,4,26.537743004094626,1,0,0,0
0,800,374,2926.3874559956944,0,1,1,1
0,115,368,3018.315935978837,0,0,1,1
1,549,174,4665.539887688578,0,0,0,1
15,6,10,19.049563877882793,1,0,0,0
18,19,4,21.31443440860016,1,0,0,0
16,10,6,47.35607171236536,1,0,0,0
14,4,5,30.58150313032032,1,0,0,0
4,710,287,1964.2014242551822,0,0,1,1
18,12,1,27.72085696943752,1,0,0,0
9,8,7,40.577514205710706,1,0,0,0
10,19,5,4.350527328971879,1,0,0,0
3,609,140,1218.9181708964838,0,1,0,1
15,16,4,17.85497876552181,1,0,0,0
0,289,125,747.7877210061695,0,1,0,1
23,302,415,3912.8114582517455,0,1,0,1
10,16,8,13.033658268404466,1,0,0,0
15,11,1,2.392551990365826,1,0,0,0
0,754,282,4652.129258801141,0,1,1,1
4,847,372,2880.2598039981103,0,0,1,1
10,2,9,4.097562115505285,1,0,0,0
15,3,10,31.509340776904715,1,0,0,0
8,5,9,10.44635107806511,1,0,0,0
0,249,213,2574.697855505553,0,1,1,1
12,10,1,48.89942978038545,1,0,0,0
2,332,297,2173.5604246575995,0,1,1,1
1,897,349,4720.291059646577,0,1,0,1
16,10,10,44.28404222204666,1,0,0,0
23,375,261,1346.002815966823,0,0,0,1
2,106,203,4929.774913925604,0,1,1,1
14,17,3,36.420121231215795,1,0,0,0
13,4,10,25.419886093703404,1,0,0,0
11,2,9,13.104754439883816,1,0,0,0
0,757,185,3899.6776915184373,0,0,0,1
13,7,7,45.29083871418224,1,0,0,0
0,398,146,783.2727886674163,0,1,0,1
16,3,5,35.64493008520472,1,0,0,0
15,2,3,3.4549448167992294,1,0,0,0
22,925,262,4370.687429250247,0,1,1,1
17,20,2,44.17877500746533,1,0,0,0
8,9,8,5.792948322173734,1,0,0,0
8,3,4,40.252065830742204,1,0,0,0
15,2,3,35.611458487535124,1,0,0,0
3,331,333,2332.7699922595316,0,1,1,1
0,211,134,1741.742312938799,0,1,1,1
11,15,10,21.53468677105684,1,0,0,0
8,17,7,11.551364193314603,1,0,0,0
11,3,3,0.5561589383640222,1,0,0,0
22,233,57,1275.1205403132476,0,0,1,1
2,891,275,3520.0581888066886,0,1,0,1
11,10,4,18.107965350554384,1,0,0,0
11,14,9,38.77111786017384,1,0,0,0
17,7,8,46.4927206565248,1,0,0,0
2,615,398,2403.181062990084,0,0,1,1
8,6,10,21.714503224209704,1,0,0,0
16,8,7,15.094997592495236,1,0,0,0
13,18,9,18.92278170527291,1,0,0,0
1,825,198,4906.659468047316,0,0,0,1
13,11,3,19.403228616376357,1,0,0,0
12,8,2,36.092088133170876,1,0,0,0
8,20,7,33.06046315168834,1,0,0,0
14,7,3,40.021869165908406,1,0,0,0
9,4,8,8.401602857788335,1,0,0,0
8,18,8,32.269258241566,1,0,0,0
13,12,3,11.889815562441541,1,0,0,0
17,2,6,3.3890015285579014,1,0,0,0
23,747,363,2192.5897523721856,0,0,1,1
18,8,1,28.671256543065887,1,0,0,0
9,19,4,23.305195773417516,1,0,0,0
3,738,142,2544.774616452806,0,1,1,1
11,15,5,23.032567908918878,1,0,0,0
10,17,9,34.746167488993585,1,0,0,0
9,18,4,21.56049008915268,1,0,0,0
0,781,212,4901.101533676025,0,0,1,1
22,809,464,4901.380000516336,0,1,0,1
1,438,476,2020.7158487309434,0,1,1,1
18,16,5,26.88086838951746,1,0,0,0
13,3,6,26.317213852525533,1,0,1,0
18,9,10,19.113172413696518,1,0,0,0
11,17,7,35.07226079396411,1,0,0,0
10,4,9,4.438247748207865,1,0,0,0
15,8,5,21.84821520472717,1,0,0,0
14,6,1,5.1527647675694475,1,0,0,0
3,465,97,1968.649113533283,0,1,0,1
11,17,1,36.87258445330511,1,0,0,0
4,445,396,3606.2524800707906,0,0,1,1
22,635,284,4730.404053265976,0,1,1,1
11,19,9,7.577633830982473,1,0,0,0
0,783,345,4271.064961066728,0,1,1,1
15,14,9,24.00364340501171,1,0,0,0
1,383,77,1371.7354685593841,0,1,1,1
15,5,8,22.485213551714107,1,0,0,0
11,15,5,23.220995093315057,1,0,0,0
18,4,2,33.44024457749121,1,0,0,0
8,17,7,23.96817182294097,1,0,0,0
8,8,1,23.641053019929135,1,0,0,0
8,13,2,43.86186278543024,1,0,0,0
1,204,161,1195.4971161873864,0,1,0,1
1,213,486,2594.9043301016472,0,1,1,1
17,9,2,18.693845448394995,1,0,0,0
14,11,6,22.692616830547138,1,0,0,0
1,369,90,2400.077222391617,0,1,1,1
10,10,10,29.549401412376188,1,0,0,0
10,6,7,39.6129419974936,1,0,1,0
9,5,7,45.94655872030828,1,0,1,0
4,966,359,2609.4357423788756,0,1,0,1
23,432,282,2693.780296565507,0,0,0,1
13,15,6,21.587749425263894,1,0,0,0
22,135,195,3180.932719807036,0,1,1,1
16,19,10,11.129483635308961,1,0,0,0
23,242,347,4564.652021210255,0,1,0,1
12,4,8,3.285468989465785,1,0,1,0
3,982,160,3162.1139208279583,0,1,0,1
18,16,8,8.494858932981895,1,0,0,0
8,8,8,30.602571255727938,1,0,0,0
23,868,124,752.1725498085177,0,1,0,1
16,17,8,20.515803983556953,1,0,0,0
22,693,169,4661.671152890851,0,0,0,1
18,1,8,45.58462035881335,1,0,0,0
16,15,8,2.288197879434037,1,0,0,0
13,16,8,22.32336288095419,1,0,0,0
23,369,327,2152.0071815204274,0,0,1,1
15,4,4,19.13007845311569,1,0,0,0
15,17,8,7.532139162364596,1,0,0,0
8,5,3,16.500175220821923,1,0,0,0
14,13,8,31.547841504826813,1,0,0,0
18,1,10,23.78205168284452,1,0,1,0
18,2,1,22.657456105567814,1,0,0,0
1,904,64,2682.776282109817,0,0,1,1
1,213,406,1329.1834677756638,0,1,1,1
23,382,349,1038.423164048324,0,1,0,1
9,19,2,25.320845416652713,1,0,0,0
16,14,7,35.12035086731346,1,0,0,0
12,3,7,31.719723698153608,1,0,1,0
10,20,10,34.07256187434268,1,0,0,0
17,12,4,33.31003030679086,1,0,0,0
9,14,4,8.876745417155929,1,0,1,0
18,11,9,26.202848443711233,1,0,0,0
18,9,10,24.260587074562768,1,0,1,0
12,18,10,32.93965109990387,1,0,0,0
2,614,407,1493.5872866912832,0,0,1,1
23,480,261,3938.82965556967,0,1,1,1
14,12,10,40.25058984082611,1,0,0,0
16,20,1,29.736810986955042,1,0,0,0
18,6,3,8.835960817638936,1,0,0,0
9,9,8,12.268785615628703,1,0,0,0
1,638,386,1619.4336307430601,0,1,0,1
15,14,4,4.806857244944922,1,0,0,0
0,388,187,1062.6764127491542,0,1,0,1
9,15,2,33.172160029292705,1,0,0,0
9,2,5,47.274706145890626,1,0,0,0
8,15,10,32.62668898696563,1,0,0,0
18,16,8,32.56188072452584,1,0,0,0
8,2,1,6.938115041019268,1,0,0,0
11,14,2,35.21453218422581,1,0,0,0
3,949,204,1472.6294566910851,0,1,0,1
22,244,405,3644.398544037138,0,0,1,1
15,15,6,20.384976340269766,1,0,0,0
2,505,420,3060.146933585182,0,1,1,1
9,6,7,13.870497392959939,1,0,0,0
10,9,2,44.49666407958489,1,0,0,0
18,18,4,34.262251124394744,1,0,0,0
22,579,99,2550.128768360336,0,1,1,1
4,509,341,4630.468115050105,0,1,1,1
12,1,9,40.6765453236041,1,0,0,0
14,8,3,40.69254453732853,1,0,0,0
11,8,10,19.210245361587152,1,0,0,0
10,5,4,17.199227257957105,1,0,1,0
13,4,8,48.14837531415699,1,0,0,0
15,10,5,23.267440126083805,1,0,0,0
3,767,342,1382.4468517694936,0,1,1,1
9,2,1,28.678657887675453,1,0,0,0
14,11,3,24.86054100419743,1,0,0,0
12,17,8,45.86637934808408,1,0,0,0
17,5,6,4.166949173649408,1,0,0,0
1,428,59,1184.671873028161,0,1,0,1
0,106,53,1307.3578526647113,0,0,1,1
13,5,5,9.505174516713446,1,0,0,0
0,950,84,2741.6070889792104,0,0,0,1
16,7,8,47.52272098666895,1,0,0,0
15,14,3,6.546366517784826,1,0,0,0
15,12,10,26.09469101264886,1,0,0,0
14,20,4,24.93359589316076,1,0,0,0
18,5,5,41.348894866537975,1,0,0,0
11,5,5,48.71354928770519,1,0,0,0
11,1,8,15.753254923948175,1,0,0,0
14,3,5,41.21247562344975,1,0,0,0
1,887,414,730.8972059795079,0,1,1,1
11,10,1,13.815160621849344,1,0,0,0
3,285,148,4530.645402423492,0,1,1,1
1,744,422,689.8366201762898,0,1,1,1
22,130,441,1934.0935048505178,0,1,1,1
12,15,5,10.040928255533727,1,0,0,0
18,12,8,44.99074282368298,1,0,0,0
10,11,8,18.02661922969496,1,0,0,0
14,11,1,31.742735075496274,1,0,0,0
4,169,100,4188.139271748078,0,1,1,1
17,11,8,22.14512224021385,1,0,0,0
16,16,3,18.354349642140175,1,0,0,0
15,16,3,4.225264226744697,1,0,0,0
14,1,4,11.293636029852358,1,0,1,0
8,2,8,42.38019730404541,1,0,0,0
11,6,8,19.034826543706625,1,0,1,0
13,8,1,16.00237528494159,1,0,0,0
9,4,3,37.647037762742826,1,0,0,0
13,18,5,3.769234312167807,1,0,0,0
22,538,426,4426.6931199278215,0,1,1,1
8,3,4,48.09936399942255,1,0,0,0
12,9,3,41.98515254181204,1,0,0,0
11,5,9,24.72644016099259,1,0,0,0
11,5,10,5.537744402550056,1,0,0,0
23,136,380,1110.892531772925,0,0,1,1
15,5,3,20.695999093100205,1,0,0,0
23,199,283,3250.5165023215277,0,1,0,1
8,16,3,9.836911732549034,1,0,0,0
0,240,315,1766.3799202335165,0,1,1,1
17,8,10,5.295100627397897,1,0,0,0
12,18,10,12.58206043571363,1,0,0,0
14,13,3,24.816899615859533,1,0,0,0
8,7,7,29.092310127074395,1,0,0,0
11,14,9,36.12970141832621,1,0,0,0
14,6,10,33.067528184992284,1,0,0,0
23,187,107,3828.1173351810953,0,1,1,1
13,10,1,10.6692078252455,1,0,0,0
14,3,6,11.137784246962493,1,0,0,0
18,12,9,32.40237179122306,1,0,0,0
13,14,1,48.42309140304258,1,0,0,0
9,5,3,39.62476028171191,1,0,0,0
22,664,109,1886.3699034719182,0,1,1,1
15,8,9,10.941733587859915,1,0,0,0
3,572,483,1268.6069516104321,0,1,1,1
17,13,9,4.024489665394707,1,0,0,0
12,6,7,25.36128100315184,1,0,0,0
2,647,448,548.5253006958189,0,1,1,1
14,5,5,36.402652361633656,1,0,0,0
9,14,4,24.14829089829996,1,0,0,0
8,3,7,18.229225419484017,1,0,0,0
14,16,7,0.33298996524880226,1,0,0,0
1,646,204,1046.7051054682795,0,0,1,1
9,14,6,31.815696794462152,1,0,0,0
8,13,2,26.788235066044006,1,0,0,0
3,431,280,612.1045075726031,0,1,1,1
12,17,5,33.37795591487591,1,0,0,0
18,6,8,49.04287737086358,1,0,0,0
0,734,97,755.968602175076,0,1,1,1
10,10,7,9.27556103948774,1,0,0,0
8,20,3,12.0033926002564,1,0,0,0
0,597,148,944.3911399183953,0,1,1,1
2,341,306,1741.4522554987507,0,0,0,1
3,395,370,1313.1321186497275,0,1,1,1
1,402,359,1205.5465582978823,0,1,1,1
18,20,10,12.266975476957493,1,0,0,0
22,471,93,2857.17787729767,0,1,1,1
